{"cameraMode":{"drawMode":0,"name":"Shaded","section":"Shading Mode"},"sceneLighting":false,"audioPlay":false,"sceneViewState":{"showFog":true,"showMaterialUpdate":false,"showSkybox":false,"showFlares":true,"showImageEffects":true,"showParticleSystems":true,"showVisualEffectGraphs":true,"m_FxEnabled":true},"in2DMode":false,"pivot":{"x":0.25762420892715456,"y":0.4525083303451538,"z":0.1717829704284668},"rotation":{"x":-0.0008982639410533011,"y":0.9429845213890076,"z":-0.33283644914627077,"w":-0.0025453055277466776},"size":0.7428721785545349,"orthographic":false}